therapist,case_count,avg_improvement_rate,median_improvement,avg_fim_gain
Kobayashi,1,0.18181818181818182,0.18181818181818182,10.0
Sato,3,0.7738095238095237,0.75,26.666666666666668
Tanaka,2,0.6333333333333333,0.6333333333333333,30.0
